qid,answer_type,shape,status,client,engineer,project,threshold,grading,exclude_category,role_filter,cert_type,cert_issue_date,years,answer,question
HV-IC-0263,count,absence,resolved,"Public Health Engineering Dept, Odisha",,,,,,,,,,3,"phed odisha bid, how many of the five completed jobs lack a client reference letter on file?"
HV-IC-0017,money,avg_work_size,resolved,,,Community Centre — Uttar Pradesh Pkg-139,,,,,,,,326933333,"Community Centre — Uttar Pradesh Pkg-139’s client: what’s the average size of all work we’ve finished for them, and I need that number by 2 PM for the bid cutoff?"
HV-IC-0030,money,avg_work_size,resolved,,Suresh Das,Road Widening — Odisha Pkg-98,,,,,Six Sigma Black Belt,,,195185714,"I’m looking at the scope figure on Suresh Das’s Six Sigma Black Belt entry for Road Widening — Odisha Pkg-98, but I know that’s just the single-job number, not the real baseline for their account—what"
HV-IC-0040,money,avg_work_size,resolved,,,WTP Augmentation — Delhi Pkg-37,,,,,,,,450694737,"on delhi pkg 37 wtp augmentation, who’s the client and what’s the average size across all their finished work?"
HV-IC-0082,money,avg_work_size,resolved,,Neha Chopra,Bituminous Overlay — Odisha Pkg-35,,,,,PMP,,,207675000,"neha’s pmp bituminous overlay odisha pkg-35, what’s the average size across all our finished work for that client?"
HV-IC-0086,money,avg_work_size,resolved,,Tanvir Malhotra,Flyover — Jharkhand Pkg-78,,,,,PMP,,,410966667,"Tanvir Malhotra’s PMP for the Jharkhand Pkg-78 flyover shows a quick read that doesn’t track, so once you actually pull the client’s completed works and run the proper mean against the median, how muc"
HV-IC-0093,money,avg_work_size,resolved,,Deepa Chatterjee,Hospital Block — West Bengal Pkg-18,,,,,PMP,,,277757143,"I’m still getting my head around how we track client history, but when I pull up Deepa Chatterjee’s PMP file for Hospital Block — West Bengal Pkg-18, I only see the numbers for that single site—how do"
HV-IC-0096,money,avg_work_size,resolved,,Jaya Desai,Stormwater Drainage — Odisha Pkg-59,,,,,PMP,,,207675000,"That number on Jaya Desai’s PMP for Stormwater Drainage — Odisha Pkg-59 only covers this single site, but I need the proper baseline—what’s the mean across all our finished work for the client who bro"
HV-IC-0099,money,avg_work_size,resolved,,Sunita Joshi,Rigid Pavement — Delhi Pkg-28,,,,,Six Sigma Black Belt,,,260188889,"Sunita Joshi’s Six Sigma Black Belt project on Rigid Pavement — Delhi Pkg-28 shows a single-site figure, but I’m fairly certain that’s just the local snapshot—what’s the actual mean across all the com"
HV-IC-0115,money,avg_work_size,resolved,,Meera Banerjee,Pumping Station — Tamil Nadu Pkg-16,,,,,PMP,,,611100000,"I suspect that number on Meera Banerjee’s PMP for the Pumping Station — Tamil Nadu Pkg-16 only covers this specific site, so what’s the properly-derived average size across all the completed work we’v"
HV-IC-0119,money,avg_work_size,resolved,,Tanvir Menon,Water Treatment Plant — Rajasthan Pkg-58,,,,,PMP,,,326300000,"The submission deadline is closing, so what’s the average size of every work we’ve completed for whoever brought us on board for the Water Treatment Plant — Rajasthan Pkg-58, since Tanvir Menon’s PMP "
HV-IC-0134,money,avg_work_size,resolved,,Jaya Desai,Rail Tunnel — West Bengal Pkg-123,,,,,PMP,,,450694737,"I'm still getting my bearings on the bid desk, but with Jaya Desai's PMP for the Rail Tunnel — West Bengal Pkg-123 in hand, could you walk me through how to calculate the mean size across all the fini"
HV-IC-0184,money,avg_work_size,resolved,,Naveen Roy,Cable Stayed Bridge — Delhi Pkg-109,,,,,PMP,,,783183333,Naveen Roy's PMP for the Cable Stayed Bridge — Delhi Pkg-109; what's the mean size across the client's full portfolio?
HV-IC-0188,money,avg_work_size,resolved,,Pooja Sen,Hydro Tunnel — West Bengal Pkg-105,,,,,Six Sigma Black Belt,,,260188889,"pooja sen’s six sigma bb for hydro tunnel pkg-105 is site-specific, so what’s the average size for her client?"
HV-IC-0193,money,avg_work_size,resolved,,Neha Chopra,WTP Augmentation — West Bengal Pkg-30,,,,,PMP,,,277757143,"Neha Chopra’s PMP for the WTP Augmentation — West Bengal Pkg-30 is on my desk, but the number currently attached to her client’s completed jobs feels off, so could you actually derive how much larger "
HV-IC-0209,money,avg_work_size,resolved,,Amit Iyer,Rigid Pavement — Madhya Pradesh Pkg-7,,,,,Six Sigma Black Belt,,,274683333,"Amit Iyer’s Six Sigma Black Belt certification for the Rigid Pavement — Madhya Pradesh Pkg-7 job is on my desk, but the number currently circulating feels like a localized read rather than the full pi"
HV-IC-0222,money,avg_work_size,resolved,,Priya Patel,Pumping Station — Rajasthan Pkg-100,,,,,PMP,,,326300000,"priya's rajasthan pumping station pmp is here, but what's the mean volume across all her client's completed jobs?"
HV-IC-0234,money,avg_work_size,resolved,,Sanjay Joshi,Material Handling Plant — Maharashtra Pkg-96,,,,,PMP,,,217833333,"Cross-checking against the client roster for Sanjay Joshi’s PMP on the Material Handling Plant — Maharashtra Pkg-96, what is the mean size across work we delivered to that organization?"
HV-IC-0240,money,avg_work_size,resolved,,Asha Nair,WTP Augmentation — Maharashtra Pkg-93,,,,,Six Sigma Black Belt,,,334700000,"Regarding Asha Nair’s Six Sigma Black Belt certification tied to the WTP Augmentation — Maharashtra Pkg-93 assignment, could you please determine the typical project scale across all finished engageme"
HV-IC-0268,money,avg_work_size,resolved,,Tanvir Malhotra,Cable Stayed Bridge — Uttar Pradesh Pkg-121,,,,,PMP,,,416875000,"Just picking up Tanvir Malhotra's PMP for the Cable Stayed Bridge — Uttar Pradesh Pkg-121, and I'm still learning how we track client portfolios, but what's the mean size across every completed assign"
HV-IC-0278,money,avg_work_size,resolved,,Tanvir Menon,Rail Tunnel — Jharkhand Pkg-102,,,,,PMP,,,410966667,"I'm reviewing Tanvir Menon's PMP for the Rail Tunnel — Jharkhand Pkg-102, but I need the mean scale across every finished assignment we've delivered to the commissioning authority for that one."
HV-IC-0291,money,avg_work_size,resolved,,Asha Nair,School Building — Madhya Pradesh Pkg-145,,,,,Six Sigma Black Belt,,,585442857,"Asha Nair’s Six Sigma Black Belt ties into the School Building — Madhya Pradesh Pkg-145 job, but the figure circulating doesn’t seem right—what’s the actual average size across every finished assignme"
HV-IC-0329,money,avg_work_size,resolved,,Meera Banerjee,Rigid Pavement — Tamil Nadu Pkg-70,,,,,PMP,,,274683333,"meera banerjee’s pmp for the rigid pavement tn pkg-70, what’s the mean size across our projects for that client?"
HV-IC-0337,money,avg_work_size,resolved,,Rahul Menon,Highway Tunnel — West Bengal Pkg-120,,,,,PMP,,,389000000,"I’m looking at Rahul Menon’s PMP for the Highway Tunnel — West Bengal Pkg-120, and I’m still getting my bearings with how we track client portfolios, but what’s the average size across every completed"
HV-IC-0340,money,avg_work_size,resolved,,Rahul Menon,Rural Road Upgradation — Jharkhand Pkg-153,,,,,PMP,,,157166667,"With reference to Rahul Menon’s PMP for the Rural Road Upgradation — Jharkhand Pkg-153 assignment, what is the average contract value across all completed engagements for the commissioning authority?"
HV-IC-0342,money,avg_work_size,resolved,,Naveen Roy,STP — Uttar Pradesh Pkg-31,,,,,PMP,,,450694737,"Cross-checking the PMP for Naveen Roy on STP — Uttar Pradesh Pkg-31, what is the average size across all assignments for the client that commissioned STP — Uttar Pradesh Pkg-31?"
HV-IC-0414,money,category_difference,resolved,"Public Works Department, Govt of Maharashtra",,Water Treatment Plant — Delhi Pkg-86,,,,,,,,315700000,"Cross-checking against the Public Works Department, Govt of Maharashtra accounts, what is the difference in value between the expressways and water treatment work we executed?"
HV-IC-0416,money,category_difference,resolved,Suvarna Projects Limited,,,,,,,,,,129100000,"Suvarna Projects Limited; cross-checking against the client account, what is the value variance between the bridges flyovers and sewerage drainage scopes we delivered?"
HV-IC-0417,money,category_difference,resolved,Jharkhand Municipal Corporation,,ROB — Jharkhand Pkg-29,,,,,,,,227200000,"Jharkhand Municipal Corporation, bridges and flyovers versus water treatment—what is the exact difference in total contract value between those two portfolios?"
HV-IC-0418,money,category_difference,resolved,Subarnarekha Valley Corporation,,,,,,,,,,652200000,"Subarnarekha Valley Corporation, expressways; roads highways, could you please calculate the difference in total contract value between our expressway assignments and our standard road and highway pro"
HV-IC-0419,money,category_difference,resolved,Trishakti Power Generation Corporation,,,,,,,,,,985600000,"Cross-checking Trishakti Power Generation Corporation assignments, what is the value difference between sewerage drainage and water supply?"
HV-IC-0420,money,category_difference,resolved,Mahanadi Steel Corporation,,Water Treatment Plant — Delhi Pkg-86,,,,,,,,893900000,"I’m fairly certain our Mahanadi Steel Corporation roads and highways contract was worth more than the water treatment package we took on for them, but could you quickly verify if my recollection is ri"
HV-IC-0421,money,category_difference,resolved,Suvarna Projects Limited,,,,,,,,,,382500000,Can you quickly calculate the difference between our irrigation and sewerage drainage scopes for Suvarna Projects Limited before the submission deadline?
HV-IC-0422,money,category_difference,resolved,Suvarna Projects Limited,,,,,,,,,,977100000,"suvarna projects limited tunnels and water supply, what’s the value difference between them?"
HV-IC-0423,money,category_difference,resolved,Mahanadi Steel Corporation,,,,,,,,,,1201100000,Mahanadi Steel Corporation is the account I’m still getting my bearings on—could you point me to where I’d pull the difference in total value between the roads highways and sewerage drainage scopes?
HV-IC-0424,money,category_difference,resolved,Tamil Nadu Municipal Corporation,,Water Treatment Plant — Delhi Pkg-86,,,,,,,,1196800000,I’m just pulling up the Tamil Nadu Municipal Corporation file for the first time—how do I figure out the total value difference between their expressways and water treatment scopes?
HV-IC-0425,money,category_difference,resolved,National Expressway Development Authority,,,,,,,,,,1118200000,"National Expressway Development Authority is the file I just pulled, and since I’m still finding my footing on the bid desk, how do I calculate the total value difference between the roads highways wo"
HV-IC-0426,money,category_difference,resolved,Subarnarekha Valley Corporation,,,,,,,,,,77600000,"Subarnarekha Valley Corporation is the account in question, and could you please confirm the total value difference between the bridges and flyovers work and the roads maintenance work we have deliver"
HV-IC-0428,money,category_difference,resolved,Mahanadi Steel Corporation,,,,,,,,,,8500000,"Regarding the Mahanadi Steel Corporation portfolio, could you please confirm the net value variance between our roads maintenance and water supply works?"
HV-IC-0429,money,category_difference,resolved,National Special Projects Office,,,,,,,,,,1586500000,That quick tally for the National Special Projects Office feels off—could you work out the actual difference between our expressways and irrigation commitments for them?
HV-IC-0430,money,category_difference,resolved,Trishakti Power Generation Corporation,,,,,,,,,,102100000,Trishakti Power Generation Corporation irrigation and water supply totals don't match what you flagged earlier—can you actually pull the separate project values and tell me the real difference in tota
HV-IC-0431,money,category_difference,resolved,Arunodaya Infrastructure,,,,,,,,,,410300000,"Arunodaya Infrastructure bridges flyovers and tunnels are currently lumped into one headline number, but that’s obviously masking the real split—can you actually drill down to the individual contract "
HV-IC-0432,money,category_difference,resolved,Mahanadi Steel Corporation,,Water Treatment Plant — Delhi Pkg-86,,,,,,,,38000000,"Mahanadi Steel Corporation industrial epc and water treatment work are currently merged in the draft, but I know we priced them separately—can you actually pull the individual contract values and tell"
HV-IC-0434,money,category_difference,resolved,Mahanadi Steel Corporation,,Water Treatment Plant — Delhi Pkg-86,,,,,,,,422500000,Could you confirm the audited spread between the roads maintenance and water treatment scopes we’ve delivered for Mahanadi Steel Corporation?
HV-IC-0435,money,category_difference,resolved,Trishakti Power Generation Corporation,,Water Treatment Plant — Delhi Pkg-86,,,,,,,,514500000,"I’m half-remembering the Trishakti Power Generation Corporation account—could you just confirm whether the industrial EPC portion was larger than the water treatment work, and by what total value?"
HV-IC-0436,money,category_difference,resolved,Arunodaya Infrastructure,,,,,,,,,,369100000,"I keep seeing the headline totals for the Arunodaya Infrastructure roads highways and maintenance work, but that’s clearly not the final picture—what’s the actual value difference across both scopes o"
HV-IC-0437,money,category_difference,resolved,Subarnarekha Valley Corporation,,,,,,,,,,393800000,What is the exact value difference between the total contract value for the Subarnarekha Valley Corporation industrial EPC scope and the corresponding roads maintenance contract?
HV-IC-0438,money,category_difference,resolved,"Public Works Department, Govt of Maharashtra",,Water Treatment Plant — Delhi Pkg-86,,,,,,,,372700000,mah pwd: what’s the total value difference between the large bridges and water treatment scopes?
HV-IC-0439,money,category_difference,resolved,National Expressway Development Authority,,,,,,,,,,1090500000,"I'm still getting my head around how we track project values, so while I'm going through this National Expressway Development Authority file, how do I find the difference in total value between the ir"
HV-IC-0440,money,category_difference,resolved,Subarnarekha Valley Corporation,,,,,,,,,,278600000,"subarnarekha valley corp account, what’s the value difference between our industrial epc and irrigation work?"
HV-IC-0441,money,category_difference,resolved,Maharashtra Municipal Corporation,,,,,,,,,,554700000,Quick question while I'm going through the Maharashtra Municipal Corporation file — how do I normally calculate the total value difference between our bridges and flyovers work and the roads maintenan
HV-IC-0442,money,category_difference,resolved,Mahanadi Steel Corporation,,,,,,,,,,256500000,"I’m still getting my bearings here—when I’m reviewing the Mahanadi Steel account, how do we normally calculate the total value difference between the bridges and flyovers work and the industrial epc p"
HV-IC-0443,money,category_difference,resolved,Suvarna Projects Limited,,,,,,,,,,472200000,"Suvarna Projects Limited irrigation and roads highways figures, cross-checking against the ledger, what is the difference between the categories?"
HV-IC-0444,money,category_difference,resolved,Jharkhand Municipal Corporation,,ROB — Jharkhand Pkg-29,,,,,,,,17900000,"Jharkhand Municipal Corporation bridges flyovers versus roads maintenance, I keep seeing a flat rate quoted but that can’t be right—what’s the actual spread across both scopes?"
HV-IC-0445,money,category_difference,resolved,National Expressway Development Authority,,,,,,,,,,650000000,"When we lock in the auditable totals for the National Expressway Development Authority, what is the verified net variance between our industrial EPC work and the tunnels work?"
HV-IC-0447,money,category_difference,resolved,"Public Health Engineering Dept, Odisha",,Lift Irrigation — Odisha Pkg-6,,,,,,,,550900000,"When the Public Health Engineering Dept, Odisha team requests our irrigation versus sewerage drainage portfolio totals, what precise variance should I quote to keep the audit trail clean?"
HV-IC-0448,money,category_difference,resolved,"Public Works Department, Govt of Maharashtra",,Sewerage Network — Maharashtra Pkg-87,,,,,,,,37600000,"When the Public Works Department, Govt of Maharashtra auditors ask for the defensible figure showing the net difference between our sewerage drainage and water treatment work, what exact value should "
HV-IC-0449,money,category_difference,resolved,"Public Health Engineering Dept, Odisha",,,,,,,,,,187900000,"Cross-checking the Public Health Engineering Dept, Odisha account, what is the difference between the expressways value and the roads highways value?"
HV-IC-0450,money,category_difference,resolved,Trishakti Power Generation Corporation,,,,,,,,,,3878700000,That Trishakti Power Generation Corporation figure feels off—can you actually pull the expressways and irrigation totals separately so I can work out the real difference myself?
HV-IC-0451,money,category_difference,resolved,Subarnarekha Valley Corporation,,,,,,,,,,1701800000,I’m going through the Subarnarekha Valley Corporation file and trying to get my bearings on our roads maintenance versus tunnels spend—could you point me to where the totals for each are so I can work
HV-IC-0452,money,category_difference,resolved,Meridian Constructors & Co.,,,,,,,,,,1116200000,Could you please provide the difference in total value between our large bridges engagements and our roads highways engagements for Meridian Constructors & Co.?
HV-IC-0453,money,category_difference,resolved,"Jal Nigam, Gujarat",,,,,,,,,,889700000,"Just trying to confirm my memory on the Jal Nigam account in Gujarat—am I right that the total value for our bridges and flyovers work sits ahead of the tunnels work, and could you remind me what the "
HV-IC-0454,money,category_difference,resolved,Subarnarekha Valley Corporation,,,,,,,,,,194900000,"Sorry to interrupt while I’m picking up this client file, but could you walk me through how to pull the total contract values for the Subarnarekha Valley Corporation industrial epc and sewerage draina"
HV-IC-0455,money,category_difference,resolved,Suvarna Projects Limited,,,,,,,,,,924900000,"I’m still learning the ropes while sorting through this Suvarna Projects Limited file, so could you tell me the total value difference between their bridges and flyovers versus the tunnels?"
HV-IC-0456,money,category_difference,resolved,Suvarna Projects Limited,,,,,,,,,,885500000,"I’m fairly certain the Suvarna Projects Limited bid has us ahead on the roads and highways side compared to the tunnels, but could you just check if my recollection is right about the exact total valu"
HV-IC-0457,money,category_difference,resolved,National Special Projects Office,,,,,,,,,,1666200000,"Can you calculate the total value difference between the National Special Projects Office bridges and flyovers work and the expressways projects we’ve delivered for that account, and send it over imme"
HV-IC-0459,money,category_difference,resolved,Mahanadi Steel Corporation,,,,,,,,,,931900000,"The Mahanadi Steel Corporation account shows a quick tally for our industrial epc and roads highways scopes, but that number feels off—can you pull the separate contract values for each and send me th"
HV-IC-0461,money,category_difference,resolved,Mahanadi Steel Corporation,,,,,,,,,,1324900000,"mahanadi steel corp roads highways vs water supply, what’s the value difference between those two?"
HV-IC-0463,money,category_difference,resolved,National Expressway Development Authority,,,,,,,,,,440500000,"Hey, on the NEDA file, once I’ve tallied the industrial epc and irrigation totals, is the standard way to get the final spread just to subtract the irrigation figure from the epc one?"
HV-IC-0464,money,category_difference,resolved,"Public Works Department, Govt of Maharashtra",,,,,,,,,,114000001,"That quick tally for the Public Works Department account feels off, so once you’ve actually run the irrigation totals against the roads and highways spend, what’s the real difference between them?"
HV-IC-0465,money,category_difference,resolved,National Special Projects Office,,,,,,,,,,464000000,"I’m still finding my way around the desk, so could you show me how to get the total value difference between the National Special Projects Office expressways and large bridges work?"
HV-IC-0466,money,category_difference,resolved,Peninsular Petroleum Corporation,,,,,,,,,,462900000,"peninsular petroleum irrigation and water supply, what’s the total value difference?"
HV-IC-0467,money,category_difference,resolved,"Public Works Department, Govt of Maharashtra",,Sewerage Network — Maharashtra Pkg-87,,,,,,,,410300000,"I’m still getting my bearings with the Maharashtra PWD account, but how do I pull the total value difference between their large bridges and sewerage drainage work?"
HV-IC-0468,money,category_difference,resolved,Trishakti Power Generation Corporation,,,,,,,,,,1042700000,Could you send over the total contract values for Trishakti’s large bridges and water supply projects so I can see how they compare?
HV-IC-0469,money,category_difference,resolved,Jharkhand Municipal Corporation,,ROB — Jharkhand Pkg-29,,,,,,,,245100000,"Could you provide the verified contract totals for the Jharkhand Municipal Corporation account, broken out by roads maintenance and water treatment, so I can confirm the exact variance?"
HV-IC-0470,money,category_difference,resolved,"Public Works Department, Govt of Gujarat",,Drainage Works — Gujarat Pkg-135,,,,,,,,197200000,"Could you please confirm the total value difference between the roads maintenance and sewerage drainage works delivered to the Public Works Department, Govt of Gujarat?"
HV-IC-0471,money,category_difference,resolved,Mahanadi Steel Corporation,,Water Treatment Plant — Delhi Pkg-86,,,,,,,,218500000,"Cross-checking the Mahanadi Steel Corporation account, what is the value difference between the bridges flyovers and water treatment work?"
HV-IC-0472,money,category_difference,resolved,Suvarna Projects Limited,,,,,,,,,,153300000,"I’m pretty sure the bridges and flyovers work for Suvarna Projects outweighed the industrial epc contracts, but I can’t quite pin down the numbers—could you confirm whether that’s right and what the a"
HV-IC-0474,money,category_difference,resolved,Subarnarekha Valley Corporation,,,,,,,,,,861300000,Subarnarekha Valley Corporation expressways versus tunnels totals—what’s the net difference in total value right now so I can lock the bid pack?
HV-IC-0475,money,category_difference,resolved,Subarnarekha Valley Corporation,,,,,,,,,,83700000,"That first pass on the Subarnarekha Valley Corporation irrigation and sewerage drainage totals looks suspicious, so what’s the real difference between those two scopes once we’ve properly consolidated"
HV-IC-0476,money,category_difference,resolved,"Public Works Department, Govt of Maharashtra",,Sewerage Network — Maharashtra Pkg-87,,,,,,,,16699999,"I’m still getting my bearings on the Public Works Department, Govt of Maharashtra file, so once I sum the roads and highways and sewerage drainage scopes, what’s the final spread between them?"
HV-IC-0477,money,category_difference,resolved,Suvarna Projects Limited,,,,,,,,,,181300000,I'm still getting my bearings with the Suvarna Projects account—could you walk me through how to find the total value difference between our sewerage drainage work and the water supply projects for th
HV-IC-0003,percent,collection_pct,resolved,,Amit Iyer,Ring Road — West Bengal Pkg-128,,,,,PMP,,,90.19,"Regarding the Ring Road — West Bengal Pkg-128 assignment under PMP, with Amit Iyer as the assigned contact, could you please confirm the collection figure out of 100 for all amounts billed to the clie"
HV-IC-0009,percent,collection_pct,resolved,,Deepa Chatterjee,Hospital Block — West Bengal Pkg-18,,,,,PMP,,,82.38,"pmp deepa chatterjee hospital block — west bengal pkg-18, what’s the collection percentage out of 100 for billed?"
HV-IC-0010,percent,collection_pct,resolved,,Tanvir Menon,Flyover — Delhi Pkg-99,,,,,PMP,,,88.9,"I’m still getting my head around how we track these, but for the PMP assignment Tanvir Menon is handling on the Flyover — Delhi Pkg-99, what percentage out of 100 has actually been collected against t"
HV-IC-0037,percent,collection_pct,resolved,,Farhan Roy,Stormwater Drainage — Gujarat Pkg-80,,,,,PMP,,,99.78,"On the PMP assignment Farhan Roy is managing for Stormwater Drainage — Gujarat Pkg-80, what is the defensible collection percentage out of 100 against the total billed to the client?"
HV-IC-0038,percent,collection_pct,resolved,,Uma Sen,School Building — Delhi Pkg-154,,,,,Six Sigma Black Belt,,,78.13,"I’m still learning the ropes on our billing side, but while going through the Six Sigma Black Belt file for Uma Sen’s School Building — Delhi Pkg-154 assignment, what percentage out of 100 has actuall"
HV-IC-0053,percent,collection_pct,resolved,,Jaya Desai,STP — Gujarat Pkg-66,,,,,PMP,,,55.5,"I’m pretty sure I saw the collection percentage out of 100 for the PMP assignment Jaya Desai is handling on STP — Gujarat Pkg-66 somewhere, but I’m not entirely sure my recollection is right—what’s th"
HV-IC-0073,percent,collection_pct,resolved,,Farhan Khan,Highway Construction — Rajasthan Pkg-77,,,,,PMP,,,78.18,What percentage out of 100 collected aligns with the billed amounts for the Farhan Khan PMP on Highway Construction — Rajasthan Pkg-77 versus the invoiced totals?
HV-IC-0080,percent,collection_pct,resolved,,Tanvir Menon,STP — Jharkhand Pkg-94,,,,,Six Sigma Black Belt,,,78.13,"I’m checking the initial figure for Tanvir Menon’s Six Sigma Black Belt work on the STP — Jharkhand Pkg-94, but it doesn’t align with the actual cash movement, so what’s the real collection percentage"
HV-IC-0097,percent,collection_pct,resolved,,Neha Chopra,Highway Construction — Maharashtra Pkg-91,,,,,PMP,,,78.13,"Neha Chopra PMP Highway Construction — Maharashtra Pkg-91 billing versus collection, what is the collection percentage out of 100 against the billing total?"
HV-IC-0110,percent,collection_pct,resolved,,Deepa Chatterjee,Institutional Building — Gujarat Pkg-32,,,,,PMP,,,89.19,"I’m just grabbing Deepa Chatterjee’s PMP for the Institutional Building — Gujarat Pkg-32 and I’m still figuring out how we log this, so what’s the collection percentage out of 100 against the total bi"
HV-IC-0139,percent,collection_pct,resolved,,Naveen Roy,Handpump Installation — Uttar Pradesh Pkg-134,,,,,PMP,,,99.05,Can you confirm the collection percentage out of 100 for the Naveen Roy PMP on Handpump Installation — Uttar Pradesh Pkg-134 relative to the total billed?
HV-IC-0146,percent,collection_pct,resolved,,Kavita Reddy,Flyover — Gujarat Pkg-8,,,,,PMP,,,88.9,"The posted collection number for Kavita Reddy’s PMP on the Flyover — Gujarat Pkg-8 looks too high compared to what we’re actually receiving, so what percentage of everything billed to that client has "
HV-IC-0189,percent,collection_pct,resolved,,Meera Roy,Sewerage Network — Odisha Pkg-17,,,,,PMP,,,82.4,"Meera Roy's PMP for the Sewerage Network — Odisha Pkg-17 — I'm locking the bid submission and need it for the deadline, so what percentage of everything billed to that client has actually been collect"
HV-IC-0195,percent,collection_pct,resolved,,Suresh Chopra,Substation EPC — Tamil Nadu Pkg-19,,,,,PMP,,,89.19,"I’m just pulling Suresh Chopra’s PMP for the Substation EPC — Tamil Nadu Pkg-19 and I’m still getting my bearings with how we track incoming payments, so what percentage of everything billed to that c"
HV-IC-0214,percent,collection_pct,resolved,,Amit Iyer,Community Centre — Uttar Pradesh Pkg-139,,,,,PMP,,,78.63,"Starting from the PMP for Amit Iyer on the Community Centre — Uttar Pradesh Pkg-139, I suspect the collection rate currently showing is inflated, so what’s the verified collection percentage out of 10"
HV-IC-0256,percent,collection_pct,resolved,,Priti Pillai,Material Handling Plant — Madhya Pradesh Pkg-68,,,,,PMP,,,79.82,"I’m checking Priti Pillai’s PMP for the Material Handling Plant — Madhya Pradesh Pkg-68 and I’m fairly certain the collection figure we’re tracking is in the mid-seventies, but I want to confirm wheth"
HV-IC-0331,percent,collection_pct,resolved,,Meera Roy,WTP Augmentation — Uttar Pradesh Pkg-2,,,,,PMP,,,79.82,"meera roy's pmp for ut pr pkg 2 wtp augmentation, what's the collection % out of 100 on billed?"
HV-IC-0336,percent,collection_pct,resolved,,Suresh Desai,Handpump Installation — Gujarat Pkg-155,,,,,PMP,,,92.5,"Cross-checking Suresh Desai PMP Handpump Installation Gujarat Pkg-155 against payment logs, what percentage of billed amount collected out of 100?"
HV-IC-0346,percent,collection_pct,resolved,,Neha Chopra,Bituminous Overlay — Odisha Pkg-35,,,,,PMP,,,82.4,"I’m reviewing the PMP for Neha Chopra on the Bituminous Overlay — Odisha Pkg-35 and the collection rate currently showing looks suspiciously high, so what’s the actual percentage out of 100 of everyth"
HV-IC-0350,percent,collection_pct,resolved,,Rahul Menon,Material Handling Plant — Uttar Pradesh Pkg-89,,,,,PMP,,,99.78,"Bid deadline is tight, so what’s the collection percentage out of 100 for Rahul Menon’s PMP on the Material Handling Plant — Uttar Pradesh Pkg-89 so I can lock the submission?"
HV-IC-0352,percent,collection_pct,resolved,,Chandan Banerjee,Six-Lane Highway — West Bengal Pkg-116,,,,,PMP,,,99.78,Could you please confirm the collection percentage out of 100 for Chandan Banerjee’s PMP on the Six-Lane Highway — West Bengal Pkg-116?
HV-IC-0361,percent,collection_pct,resolved,,Neha Chopra,ROB — Delhi Pkg-36,,,,,PMP,,,78.18,"Regarding the PMP for Neha Chopra on ROB — Delhi Pkg-36, could you please confirm what percentage out of 100 of the total billed amount has actually been collected for the client?"
HV-IC-0373,percent,collection_pct,resolved,,Meera Banerjee,Pumping Station — Tamil Nadu Pkg-16,,,,,PMP,,,58.0,"I’m looking at Meera Banerjee’s PMP for the Pumping Station — Tamil Nadu Pkg-16 and I’m still getting my bearings on how we track what we’ve actually brought in, so what’s the figure out of 100 that s"
HV-IC-0385,percent,collection_pct,resolved,,Deepa Chatterjee,Stormwater Drainage — Madhya Pradesh Pkg-24,,,,,PMP,,,88.9,"Deepa Chatterjee’s PMP on the Stormwater Drainage — Madhya Pradesh Pkg-24 is what I’m looking at, and I’m trying to verify the collection percentage out of 100, and I’m fairly certain it’s in the high"
HV-IC-0014,days,date_span,resolved,,Pooja Bose,Water Treatment Plant — Madhya Pradesh Pkg-23,,,,,PMP,,,536,"I’m pretty sure Pooja Bose’s PMP for the Madhya Pradesh water plant was issued back in March 2021, but do you know how many days actually elapsed before that project wrapped up?"
HV-IC-0024,days,date_span,resolved,,Gautam Joshi,Pipeline Laying — Jharkhand Pkg-131,,,,,PMP,2021-03-10,,160,"Cross-checking the Jharkhand Pkg-131 pipeline laying entry for Gautam Joshi, whose PMP was issued 2021-03-10, what is the interval from that issue date to the completion date?"
HV-IC-0031,days,date_span,resolved,,Suresh Desai,Handpump Installation — Gujarat Pkg-155,,,,,PMP,2021-03-10,,1267,"suresh desai’s gujarat pkg-155 handpump pmp issued march 10 2021, how many days to completion?"
HV-IC-0045,days,date_span,resolved,,Jaya Desai,Stormwater Drainage — Odisha Pkg-59,,,,,PMP,,,710,"I’m fairly certain Jaya Desai’s PMP for the Odisha Pkg-59 stormwater drainage package was issued on March 10th, 2021, but could you confirm whether my recollection is right on how many days actually p"
HV-IC-0059,days,date_span,resolved,,Rahul Menon,Material Handling Plant — Uttar Pradesh Pkg-89,,,,,PMP,2021-03-10,,676,"PMP issued 2021-03-10; Rahul Menon; Material Handling Plant — Uttar Pradesh Pkg-89, cross-checking against the timeline, what is the count from that issue to the completion date?"
HV-IC-0076,days,date_span,resolved,,Rahul Das,Rigid Pavement — Madhya Pradesh Pkg-49,,,,,PMP,2021-03-10,,1449,"rahul das mp pkg-49 rigid pavement pmp issued march 10 2021, days to completion?"
HV-IC-0118,days,date_span,resolved,,Meera Roy,Hydro Tunnel — Jharkhand Pkg-117,,,,,PMP,,,374,"I’m reviewing Meera Roy’s March 10th PMP for the Jharkhand hydro tunnel package, but that initial issue date doesn’t match the actual project window I’m seeing—can you calculate the real elapsed perio"
HV-IC-0121,days,date_span,resolved,,Meera Roy,ROB — Jharkhand Pkg-29,,,,,PMP,,,854,"I’ve got the March 10th PMP for Meera on the Jharkhand Pkg-29 ROB assignment, but the usual gap doesn’t add up—could you run the actual count from that certification date to the final completion mark?"
HV-IC-0136,days,date_span,resolved,,Divya Singh,Lift Irrigation — West Bengal Pkg-13,,,,,PMP,,,86,Divya Singh’s March 10th 2021 PMP for the West Bengal Pkg-13 lift irrigation package—what’s the count from that issue date to the final completion mark?
HV-IC-0144,days,date_span,resolved,,Naveen Roy,Handpump Installation — Uttar Pradesh Pkg-134,,,,,PMP,2021-03-10,,1388,"I’m prepping the audit response, so what is the exact span from the March 10, 2021 PMP issuance for Naveen Roy’s Handpump Installation — Uttar Pradesh Pkg-134 through to the final completion date?"
HV-IC-0158,days,date_span,resolved,,Farhan Rao,Material Handling Plant — Uttar Pradesh Pkg-26,,,,,PMP,2021-03-10,,1589,"Can you calculate the exact span from Farhan Rao’s March 10, 2021 PMP issue date to the final completion mark for the Uttar Pradesh Pkg-26 material handling plant before we hit the submission deadline"
HV-IC-0161,days,date_span,resolved,,Rahul Menon,Highway Tunnel — West Bengal Pkg-120,,,,,PMP,2021-03-10,,801,"What is the defensible interval from the March 10, 2021 PMP issuance for Rahul Menon’s West Bengal Pkg-120 highway tunnel scope through to the final completion date?"
HV-IC-0164,days,date_span,resolved,,Gautam Joshi,Material Handling Plant — Jharkhand Pkg-61,,,,,PMP,2021-03-10,,143,gautam joshi’s jharkhand pkg-61 material handling plant pmp from mar 10 2021—what’s the count to final completion?
HV-IC-0177,days,date_span,resolved,,Sunita Joshi,Residential Quarters — Uttar Pradesh Pkg-25,,,,,PMP,,,87,"I'm still getting my bearings here, but could you walk me through how to calculate the total elapsed time from Sunita Joshi's March 10th PMP issue for the Uttar Pradesh Pkg-25 residential quarters thr"
HV-IC-0200,days,date_span,resolved,,Lakshmi Ghosh,Road Widening — Madhya Pradesh Pkg-42,,,,,PMP,,,438,how many days from lakshmi's mar 10 pmp for the mp pkg-42 widening to handover?
HV-IC-0244,days,date_span,resolved,,,Hospital Block — West Bengal Pkg-18,,,,,PMP,2021-03-10,,2910,"pritis pmp hit mar 10 2021 for the west bengal hospital block, how many days to wrap up?"
HV-IC-0290,days,date_span,resolved,,Rahul Das,Institutional Building — Delhi Pkg-81,,,,,PMP,2021-03-10,,1503,"I'm still getting my bearings with the timeline tracking here, but could you help me figure out how many days Rahul Das's March 10, 2021 PMP for the Delhi Pkg-81 institutional building ran until the f"
HV-IC-0312,days,date_span,resolved,,Asha Nair,WTP Augmentation — Maharashtra Pkg-93,,,,,PMP,2021-03-10,,77,PMP issued 2021-03-10; Asha Nair; WTP Augmentation — Maharashtra Pkg-93 — could you please calculate the total elapsed period from that certification date through to the final completion of the projec
HV-IC-0318,days,date_span,resolved,,Meera Roy,WTP Augmentation — Tamil Nadu Pkg-9,,,,,PMP,2021-03-10,,1134,"The preliminary tally for Meera's March 10, 2021 PMP on the Tamil Nadu Pkg-9 WTP augmentation doesn't quite add up—could you calculate the actual number of days from that certification issuance to the"
HV-IC-0324,days,date_span,resolved,,Amit Mukherjee,Institutional Building — Uttar Pradesh Pkg-11,,,,,PMP,2021-03-10,,1308,"I'm half-remembering the timeline for Amit Mukherjee's March 10, 2021 PMP on the Institutional Building — Uttar Pradesh Pkg-11 site—could you confirm how long it actually ran from that certification d"
HV-IC-0335,days,date_span,resolved,,Suresh Desai,Residential Quarters — Odisha Pkg-4,,,,,PMP,2021-03-10,,798,"I’m cross-checking Suresh Desai’s March 10, 2021 PMP for the Odisha residential quarters package and noticed the preliminary tally looks off—could you actually calculate the real interval from that ce"
HV-IC-0339,days,date_span,resolved,,Neha Chopra,WTP Augmentation — West Bengal Pkg-30,,,,,PMP,2021-03-10,,110,"Could you please calculate the total number of days from the March 10, 2021 PMP issuance for Neha Chopra through to the final completion of the WTP Augmentation — West Bengal Pkg-30 assignment?"
HV-IC-0368,days,date_span,resolved,,Naveen Roy,STP — Uttar Pradesh Pkg-31,,,,,PMP,2021-03-10,,1339,"I’m still getting my bearings on how we track these, but could you tell me how many days elapsed from Naveen’s March 10, 2021 PMP for the Uttar Pradesh Pkg-31 STP site until the work actually wrapped "
HV-IC-0387,days,date_span,resolved,,Neha Chopra,Bituminous Overlay — Odisha Pkg-35,,,,,PMP,2021-03-10,,1680,"Could you please confirm the exact day count from the March 10, 2021 PMP issuance for Neha Chopra on the Bituminous Overlay — Odisha Pkg-35 project to its final completion?"
HV-IC-0020,count,distinct_count,resolved,,Farhan Rao,,,,,,PMP,,,2,"PMP; Farhan Rao, could you please confirm the total number of distinct work categories he has successfully led to completion?"
HV-IC-0063,count,distinct_count,resolved,,Manoj Verma,,,,,,PMP,,,2,"pmp; manoj verma, how many work categories has he actually wrapped up?"
HV-IC-0074,count,distinct_count,resolved,,Rohit Singh,,,,,,PMP,,,2,"PMP; Rohit Singh, please advise on the count of separate work categories he has concluded."
HV-IC-0091,count,distinct_count,resolved,,Pooja Sen,,,,,,PMP,,,2,"PMP; Pooja Sen, I’m still getting used to how we log finished assignments here—just to make sure I’m tracking this right, how many different work categories has she actually brought to a close?"
HV-IC-0114,count,distinct_count,resolved,,Suresh Das,,,,,,PMP,,,2,"PMP; Suresh Das, I’m still getting used to how we track his finished assignments—could you let me know how many different work categories he’s actually seen through to the end?"
HV-IC-0123,count,distinct_count,resolved,,Suresh Desai,,,,,,PMP,,,5,"PMP; Suresh Desai, please confirm the exact count of distinct work categories he has personally directed from initiation through to final delivery."
HV-IC-0181,count,distinct_count,resolved,,Lakshmi Ghosh,,,,,,PMP,,,5,"PMP; Lakshmi Ghosh, what is the verified count of separate work categories she has successfully closed out?"
HV-IC-0225,count,distinct_count,resolved,,Sunita Joshi,,,,,,PMP,,,6,"PMP; Sunita Joshi, that quick count I’m looking at doesn’t quite add up—could you confirm the actual number of distinct work categories she’s personally led to completion?"
HV-IC-0380,count,distinct_count,resolved,,Tanvir Menon,,,,,,PMP,,,5,"PMP; Tanvir Menon, what’s the exact count of distinct work categories he’s personally led to completion before we lock the submission?"
HV-IC-0002,money,exclusion_aggregate,resolved,"Irrigation & Waterways Dept, Govt of Rajasthan",,Water Treatment Plant — Rajasthan Pkg-58,,,Water Treatment,,,,,1516600000,"Irrigation & Waterways Dept, Govt of Rajasthan; excluding water treatment — what is the auditable sum of every other executed contract value for that portfolio?"
HV-IC-0124,money,exclusion_aggregate,resolved,Mega Infrastructure Authority,,Water Treatment Plant — Delhi Pkg-86,,,Water Treatment,,,,,3849600000,"Mega Infrastructure Authority; excluding water treatment—I’m seeing the headline figure, but that’s clearly inflated by the treatment projects, so what’s the actual sum once we carve that out?"
HV-IC-0125,money,exclusion_aggregate,resolved,Suvarna Projects Limited,,,,,Water Supply,,,,,2303100000,Suvarna Projects Limited; excluding water supply — what’s the final tally for the rest before we lock the bid?
HV-IC-0131,money,exclusion_aggregate,resolved,Maharashtra Municipal Corporation,,,,,Industrial EPC,,,,,592700000,Maharashtra Municipal Corporation; excluding industrial epc — what is the net contract value for the remaining scope ahead of our submission deadline?
HV-IC-0135,money,exclusion_aggregate,resolved,Mahanadi Steel Corporation,,Water Treatment Plant — Delhi Pkg-86,,,Water Treatment,,,,,2833800000,"mahanadi steel corp, minus the water treatment side, what’s the actual value?"
HV-IC-0140,money,exclusion_aggregate,resolved,Mahanadi Steel Corporation,,,,,Bridges Flyovers,,,,,2615300000,Mahanadi Steel Corporation; excluding bridges flyovers — what figure aligns with the cross-check against the ledger?
HV-IC-0159,money,exclusion_aggregate,resolved,Trishakti Power Generation Corporation,,,,,Expressways,,,,,4563200000,Trishakti Power Generation Corporation; excluding expressways — what value matches the cross-check against the portfolio?
HV-IC-0176,money,exclusion_aggregate,resolved,Suvarna Projects Limited,,,,,Industrial EPC,,,,,2097600000,"You handed me the Suvarna Projects Limited figure, but that’s clearly still carrying the industrial epc piece, so what’s the real number once that segment is stripped out?"
HV-IC-0215,money,exclusion_aggregate,resolved,Subarnarekha Valley Corporation,,,,,Industrial EPC,,,,,3284500000,"Subarnarekha Valley Corporation is coming up in the auditor review, so what’s the defensible figure we should quote once we filter out the industrial epc work?"
HV-IC-0216,money,exclusion_aggregate,resolved,Peninsular Petroleum Corporation,,,,,Buildings,,,,,831800000,"peninsular petroleum corporation excluding buildings, what’s the actual sum we’re quoting?"
HV-IC-0226,money,exclusion_aggregate,resolved,Tamil Nadu Municipal Corporation,,,,,Bridges Flyovers,,,,,1732800000,"I’m still getting my bearings on the bid desk, but when I start with the Tamil Nadu Municipal Corporation portfolio and exclude the bridges and flyovers, how do I calculate the right figure for the re"
HV-IC-0235,money,exclusion_aggregate,resolved,National Expressway Development Authority,,,,,Industrial EPC,,,,,2262700000,"national expressway development authority excluding industrial epc, what’s the real number we’re locking in?"
HV-IC-0273,money,exclusion_aggregate,resolved,National Expressway Development Authority,,,,,Industrial EPC,,,,,2262700000,"When I’m prepping the National Expressway Development Authority breakdown and need to exclude the industrial epc segment, what’s the auditable figure I should stand behind for client verification?"
HV-IC-0292,money,exclusion_aggregate,resolved,National Expressway Development Authority,,,,,Roads Highways,,,,,2730900000,"National Expressway Development Authority; excluding roads highways, could you please confirm the aggregate value of our remaining engagements for this client?"
HV-IC-0319,money,exclusion_aggregate,resolved,"Public Works Department, Govt of Maharashtra",,Sewerage Network — Maharashtra Pkg-87,,,Sewerage Drainage,,,,,1831599999,"Public Works Department, Govt of Maharashtra; excluding sewerage drainage—I keep seeing the gross figure floating around, but I know that’s still bundling the drainage scope, so what’s the actual deri"
HV-IC-0323,money,exclusion_aggregate,resolved,Arunodaya Infrastructure,,,,,Tunnels,,,,,1219500000,"Arunodaya Infrastructure; excluding tunnels, is the rest of the portfolio the figure I’m half-remembering?"
HV-IC-0328,money,exclusion_aggregate,resolved,Central Works & Buildings Bureau,,,,,Small Buildings,,,,,1522500000,"central works & buildings bureau excluding small buildings, what’s the actual value we’re carrying?"
HV-IC-0006,money,gap_awarded_invoiced,resolved,Lakshya Engineering & Construction,,,,,,,,,,213836582.0,"Lakshya Engineering & Construction is under audit, so what is the exact gap between the total value of work awarded and the amount we have actually invoiced?"
HV-IC-0023,money,gap_awarded_invoiced,resolved,Subarnarekha Valley Corporation,,,,,,,,,,2293370196.0,"Subarnarekha Valley Corporation's active projects require a final reconciliation, so what is the net shortfall between our awarded contract values and the amounts we have formally billed?"
HV-IC-0041,money,gap_awarded_invoiced,resolved,"Irrigation & Waterways Dept, Govt of Uttar Pradesh",,,,,,,,,,-377309701.0,"That number for the UP irrigation account looks too clean, so what's the actual gap between what they've sanctioned and what we've billed?"
HV-IC-0043,money,gap_awarded_invoiced,resolved,"Public Works Department, Govt of Gujarat",,Drainage Works — Gujarat Pkg-135,,,,,,,,233820699.0,"Public Works Department, Govt of Gujarat is the account I'm looking at, and I want to make sure I'm reading the numbers right—could you walk me through how to work out the shortfall between the approv"
HV-IC-0055,money,gap_awarded_invoiced,resolved,Mahanadi Steel Corporation,,,,,,,,,,2728865201.0,"Mahanadi Steel Corporation was the account I was looking at earlier, and I’m trying to verify my memory—was the shortfall between the total contract value and what we’ve actually billed significantly "
HV-IC-0061,money,gap_awarded_invoiced,resolved,Subarnarekha Valley Corporation,,,,,,,,,,2293370196.0,"Subarnarekha Valley Corporation shows works we have awarded, so what is the amount after we cross-check against the invoice amount?"
HV-IC-0138,money,gap_awarded_invoiced,resolved,"Irrigation & Waterways Dept, Govt of Rajasthan",,Lift Irrigation — Rajasthan Pkg-41,,,,,,,,1901520126.0,"Irrigation & Waterways Dept, Govt of Rajasthan is the account I’m reviewing, but that first number I pulled doesn’t seem right—could you clarify the actual gap between the total value we’ve secured an"
HV-IC-0197,money,gap_awarded_invoiced,resolved,Maharashtra Municipal Corporation,,,,,,,,,,532779688.0,"Maharashtra Municipal Corporation is showing a total awarded figure that feels off, so can you calculate the actual shortfall between the contract value and what we’ve actually billed?"
HV-IC-0198,money,gap_awarded_invoiced,resolved,Arunodaya Infrastructure,,,,,,,,,,1033673040.0,"Arunodaya Infrastructure is pulling up a number that doesn’t seem right, so could you actually work out the true gap between the full value of their awards and what we’ve managed to invoice?"
HV-IC-0227,money,gap_awarded_invoiced,resolved,"Jal Nigam, Jharkhand",,ROB — Jharkhand Pkg-29,,,,,,,,1179034540.0,"Jal Nigam, Jharkhand is on my desk and I'm still getting used to how we track our billing—could you point me to the actual shortfall between the total value of the projects they've handed over and wha"
HV-IC-0284,money,gap_awarded_invoiced,resolved,Meridian Constructors & Co.,,,,,,,,,,875511822.0,"meridian constructors & co. awarded value seems off, can you work out the gap between secured work and billed?"
HV-IC-0294,money,gap_awarded_invoiced,resolved,Mega Infrastructure Authority,,,,,,,,,,3336816908.0,"Mega Infrastructure Authority’s current portfolio is on our books, but I need to reconcile the official award totals against our submitted claims to give the auditor a defensible variance number—can y"
HV-IC-0301,money,gap_awarded_invoiced,resolved,Suvarna Projects Limited,,,,,,,,,,1351409347.0,"Suvarna Projects Limited is on my desk for audit prep, and I need to pin down the exact gap between the total value they’ve committed us to and the amount we’ve actually billed so far—can you calculat"
HV-IC-0313,money,gap_awarded_invoiced,resolved,Central Works & Buildings Bureau,,,,,,,,,,1386519548.0,"Central Works & Buildings Bureau shows two awarded works on our side, but what is the gap between the value they assigned and the value we billed?"
HV-IC-0330,money,gap_awarded_invoiced,resolved,National Special Projects Office,,,,,,,,,,4243158462.0,"National Special Projects Office awarded value versus our invoiced value, what is the shortfall?"
HV-IC-0338,money,gap_awarded_invoiced,resolved,"Public Health Engineering Dept, Odisha",,,,,,,,,,629771836.0,"public health engineering dept odisha awarded works, what’s the gap between total award value and our billed amount?"
HV-IC-0362,money,gap_awarded_invoiced,resolved,Subarnarekha Valley Corporation,,,,,,,,,,2293370196.0,"Following up on the Subarnarekha Valley Corporation account, that first number you sent looks like a raw sum of the awards—can you actually calculate the real gap between the total value they’ve assig"
HV-IC-0371,money,gap_awarded_invoiced,resolved,"Public Health Engineering Dept, Odisha",,,,,,,,,,629771836.0,"Public Health Engineering Dept, Odisha has awarded us a few projects, but am I right that my recollection is correct about how much of the total value is still sitting above what we’ve actually invoic"
HV-IC-0071,money,gap_to_threshold,resolved,Jharkhand Municipal Corporation,,ROB — Jharkhand Pkg-29,500000000,,,,,,,28500000,"Jharkhand Municipal Corporation is where I’m starting, but I’m still learning how we track bid credentials—how much more contract value would we need to bring in to hit the fifty crore mark?"
HV-IC-0127,money,gap_to_threshold,resolved,"Irrigation & Waterways Dept, Govt of West Bengal",,Lift Irrigation — West Bengal Pkg-13,1200000000,,,,,,,33000000,"I’m up against a submission deadline for the Irrigation & Waterways Dept, Govt of West Bengal, so what’s the outstanding contract value we still need to secure from them to clear the 120 Cr credential"
HV-IC-0196,money,gap_to_threshold,resolved,"Public Works Department, Govt of Gujarat",,STP — Gujarat Pkg-3,700000000,,,,,,,11500000,"gujarat pw, how much more value do we need to clear the 70cr bar?"
HV-IC-0001,money,hop_aggregate,resolved,National Expressway Development Authority,Rajesh Rao,Material Handling Plant — Uttar Pradesh Pkg-47,,,,,Six Sigma Black Belt,,,2942400000,"Starting with Rajesh Rao’s Six Sigma Black Belt (6S-500161) work on the Material Handling Plant — Uttar Pradesh Pkg-47 project with the National Expressway Development Authority, what is the combined "
HV-IC-0028,money,hop_aggregate,resolved,National Expressway Development Authority,Sunita Joshi,Ring Road — Uttar Pradesh Pkg-107,,,,,PMP,,,2942400000,"Regarding Sunita Joshi’s PMP credential (PMI-200039) and her assignment on the Ring Road — Uttar Pradesh Pkg-107 project for the National Expressway Development Authority, what is the combined value o"
HV-IC-0032,money,hop_aggregate,resolved,"Irrigation & Waterways Dept, Govt of Rajasthan",,Lift Irrigation — Rajasthan Pkg-41,,,,,,,,1957800000,"Irrigation & Waterways Dept, Govt of Rajasthan, cross-checked against the 23.0 Cr limit, what is the sum?"
HV-IC-0036,money,hop_aggregate,resolved,Central Works & Buildings Bureau,,Water Treatment Plant — Delhi Pkg-86,,,,,,,,1591200000,"What’s the defensible aggregate of every executed contract value for the Central Works & Buildings Bureau, once we remove the water treatment segment?"
HV-IC-0050,money,hop_aggregate,resolved,Trishakti Power Generation Corporation,,,,,,,,,,8563200000,Trishakti Power Generation Corporation’s 2022 and 2023 work completed values are needed right now for the submission cutoff—what’s the actual dollar amount between them?
HV-IC-0054,money,hop_aggregate,resolved,Trishakti Power Generation Corporation,Lakshmi Ghosh,Steel Truss Bridge — Gujarat Pkg-112,,,,,PMP,,,8563200000,"lakshmi ghosh’s pmp on the gujarat steel truss bridge, what’s the total value of all completed trishakti work?"
HV-IC-0056,money,hop_aggregate,resolved,National Expressway Development Authority,Priya Patel,Anganwadi Centre — Jharkhand Pkg-142,,,,,PMP,,,2942400000,"When finalizing the audit-ready submission for the National Expressway Development Authority, what is the combined value of all completed assignments Priya Patel has delivered under her PMP credential"
HV-IC-0090,money,hop_aggregate,resolved,,Sunita Joshi,Rigid Pavement — Delhi Pkg-28,,,,,Six Sigma Black Belt,,,2341700000,"sunita joshi’s six sigma black belt on rigid pavement delhi pkg-28, what’s the combined value of completed suvarna work?"
HV-IC-0098,money,hop_aggregate,resolved,Subarnarekha Valley Corporation,Meera Roy,Process Piping Package — Delhi Pkg-82,,,,,PMP,,,3698700000,"Meera Roy’s PMP credential (PMI-200011) started on the Process Piping Package — Delhi Pkg-82 for Subarnarekha Valley Corporation, but what’s the combined value of every completed assignment she’s deli"
HV-IC-0111,money,hop_aggregate,resolved,Arunodaya Infrastructure,Meera Roy,Hydro Tunnel — Jharkhand Pkg-117,,,,,PMP,,,2219900000,"Regarding Meera Roy’s PMP credential (PMI-200011) and her current Hydro Tunnel — Jharkhand Pkg-117 engagement for Arunodaya Infrastructure, could you please provide the aggregate value of all complete"
HV-IC-0120,money,hop_aggregate,resolved,Trishakti Power Generation Corporation,,,,,,,,,,8563200000,"Trishakti Power Generation Corporation is the account under review, and could you please confirm the unbilled remainder after comparing the total awarded contract value against our submitted claims?"
HV-IC-0130,money,hop_aggregate,resolved,Subarnarekha Valley Corporation,Amit Iyer,Six-Lane Highway — Maharashtra Pkg-104,,,,,PMP,,,3698700000,"Amit, on your pkg-104 highway pmp, what’s the combined value of all completed subarnarekha work?"
HV-IC-0148,money,hop_aggregate,resolved,Arunodaya Infrastructure,,,,,,,,,,2219900000,"Arunodaya Infrastructure, 2022 to 2023, what's the swing in work completed value before the submission cutoff?"
HV-IC-0149,money,hop_aggregate,resolved,Peninsular Petroleum Corporation,Rohit Singh,Check Dam — Maharashtra Pkg-69,,,,,PMP,,,1366300000,"Rohit Singh’s PMP credential (PMI-200033) is currently logged on the Check Dam — Maharashtra Pkg-69 for Peninsular Petroleum Corporation, but I have a strong feeling just taking that single project fi"
HV-IC-0153,money,hop_aggregate,resolved,Trishakti Power Generation Corporation,Pooja Sen,Water Treatment Plant — West Bengal Pkg-44,,,,,Six Sigma Black Belt,,,8563200000,"Could you please sum the values of all completed assignments Pooja Sen has delivered to Trishakti Power Generation Corporation under her Six Sigma Black Belt credential (6S-500157), which is currently"
HV-IC-0156,money,hop_aggregate,resolved,Trishakti Power Generation Corporation,,,400000000,,,,,,,8563200000,"Trishakti Power Generation Corporation bids are being reconciled against the forty crore threshold, what is the sum?"
HV-IC-0163,money,hop_aggregate,resolved,Trishakti Power Generation Corporation,,,,,,,,,,8563200000,"Trishakti Power Generation Corporation shows the contract value, and what is the amount after cross-checking against the claims we submitted?"
HV-IC-0172,money,hop_aggregate,resolved,National Expressway Development Authority,,,,,,,,,,2942400000,"National Expressway Development Authority, what is the exact surplus value separating our highest-value finished contract from the next one down?"
HV-IC-0175,money,hop_aggregate,resolved,"Public Health Engineering Dept, Odisha",Jaya Desai,Stormwater Drainage — Odisha Pkg-59,,,,,PMP,,,1661400000,"I’m still learning how we roll up client totals, but while I’m looking at Jaya Desai’s PMP credential (PMI-200032) for the Stormwater Drainage — Odisha Pkg-59 project, what’s the full tally of every c"
HV-IC-0185,money,hop_aggregate,resolved,"Jal Nigam, Uttar Pradesh",,STP — Uttar Pradesh Pkg-31,,,,,,,,1667500000,"Could you please confirm the aggregate figure for our Jal Nigam, Uttar Pradesh engagements after the water treatment division is excluded?"
HV-IC-0202,money,hop_aggregate,resolved,"Public Health Engineering Dept, Odisha",,,180000000,,,,,,,1661400000,"Public Health Engineering Dept, Odisha has several assignments in our pipeline, and could you please calculate the combined value of those meeting or exceeding the eighteen crore threshold for our sub"
HV-IC-0206,money,hop_aggregate,resolved,Mega Infrastructure Authority,Uma Sen,Check Dam — Uttar Pradesh Pkg-83,,,,,Six Sigma Black Belt,,,4098100000,"I’m reviewing Uma Sen’s Six Sigma Black Belt (6S-500164) on the Check Dam — Uttar Pradesh Pkg-83 scope for Mega Infrastructure Authority, but I suspect just pulling that single project figure is going"
HV-IC-0212,money,hop_aggregate,resolved,Mega Infrastructure Authority,,,,,,,,,,4098100000,"mega infra authority contract value seems high, can you pull the delta between secured work and submitted claims?"
HV-IC-0223,money,hop_aggregate,resolved,Trishakti Power Generation Corporation,,,,,,,,,,8563200000,"Trishakti Power Generation Corporation is hitting the submission window, so what’s the actual sum we need to quote right now after dropping the industrial epc work?"
HV-IC-0224,money,hop_aggregate,resolved,Central Works & Buildings Bureau,Uma Sen,Pumping Station — Odisha Pkg-79,,,,,Six Sigma Black Belt,,,1591200000,"I’m pulling up Uma Sen’s Six Sigma Black Belt (6S-500164) on the Pumping Station — Odisha Pkg-79 scope for the Central Works & Buildings Bureau, but I need the full rollup of every completed assignmen"
HV-IC-0229,money,hop_aggregate,resolved,Suvarna Projects Limited,Pooja Sen,Hydro Tunnel — West Bengal Pkg-105,,,,,Six Sigma Black Belt,,,2341700000,"Cross-checking Pooja Sen’s Six Sigma Black Belt (6S-500157) against the Hydro Tunnel — West Bengal Pkg-105 scope, I need to verify the exact aggregate for the audit file—what is the combined value of "
HV-IC-0233,money,hop_aggregate,resolved,Mahanadi Steel Corporation,Jaya Desai,Drainage Works — Tamil Nadu Pkg-141,,,,,PMP,,,3296200000,I'm looking at Jaya Desai's PMP credential (PMI-200032) for the Drainage Works — Tamil Nadu Pkg-141 scope with Mahanadi Steel Corporation and I'm not clear on whether I should just use this line item 
HV-IC-0242,money,hop_aggregate,resolved,Trishakti Power Generation Corporation,,,70000000,,,,,,,8563200000,"Trishakti Power Generation Corporation submissions require verification, could you please provide the aggregate value for all proposals meeting the seven crore rupee threshold?"
HV-IC-0249,money,hop_aggregate,resolved,Tamil Nadu Municipal Corporation,,,,,,,,,,1833300000,I'm still getting my bearings with the Tamil Nadu Municipal Corporation portfolio—could you point me to the 2013 and 2018 completed work totals so I can see how they compare?
HV-IC-0258,money,hop_aggregate,resolved,Subarnarekha Valley Corporation,,,220000000,,,,,,,3698700000,"Subarnarekha Valley Corporation has several active tenders, and could you please calculate the cumulative figure for those valued at twenty-two crore rupees or higher?"
HV-IC-0260,money,hop_aggregate,resolved,Trishakti Power Generation Corporation,Farhan Roy,Stormwater Drainage — Gujarat Pkg-80,,,,,PMP,,,8563200000,"I’m reviewing Farhan Roy’s PMP credential for the Stormwater Drainage — Gujarat Pkg-80 scope with Trishakti Power Generation Corporation, but I’m fairly certain just copying that one line item will ta"
HV-IC-0266,money,hop_aggregate,resolved,Tamil Nadu Municipal Corporation,,,,,,,,,,1833300000,"tamil nadu municipal corporation totals look off, can you work out missing amount between commitments and our bills?"
HV-IC-0279,money,hop_aggregate,resolved,Arunodaya Infrastructure,,,,,,,,,,2219900000,Could you send me the verified completed work totals for Arunodaya Infrastructure in 2016 and 2023 for the auditor review?
HV-IC-0280,money,hop_aggregate,resolved,"Public Health Engineering Dept, Odisha",Rajesh Rao,School Building — Odisha Pkg-136,,,,,PMP,,,1661400000,"I’m half-remembering that the total for Rajesh Rao’s completed work with the Public Health Engineering Dept, Odisha is just the School Building — Odisha Pkg-136 line item on his PMP (PMI-200031), but "
HV-IC-0285,money,hop_aggregate,resolved,Suvarna Projects Limited,,,,,,,,,,2341700000,"I'm looking at Suvarna Projects Limited and the value they've put on the table doesn't match the cash flow we're showing, can you dig into the variance between the total scope they've handed over and "
HV-IC-0296,money,hop_aggregate,resolved,,Meera Roy,ROB — Jharkhand Pkg-29,,,,,PMP,,,2219900000,"Just pulling Meera Roy’s PMP for the ROB — Jharkhand Pkg-29 job, and I’m still learning how we map out client portfolios, but what’s the typical scale across every completed assignment we’ve handed ov"
HV-IC-0297,money,hop_aggregate,resolved,,,STP — Gujarat Pkg-3,,,,,,,,688500000,pheg gujarat 2010 vs 2017—what’s the actual move in completed work value?
HV-IC-0300,money,hop_aggregate,resolved,National Special Projects Office,,,,,,,,,,4699100000,"I’m still getting my head around how we track the National Special Projects Office portfolio, but if I set aside the large bridges assignments in this file, what’s the remaining value we should carry "
HV-IC-0302,money,hop_aggregate,resolved,Peninsular Petroleum Corporation,Meera Roy,Hospital Block — Odisha Pkg-39,,,,,PMP,,,1366300000,"My memory is fuzzy on whether Meera Roy’s PMP (PMI-200011) only shows the Hospital Block — Odisha Pkg-39 project for Peninsular Petroleum Corporation, or if there are other scopes I’m missing—can you "
HV-IC-0310,money,hop_aggregate,resolved,Subarnarekha Valley Corporation,,,,,,,,,,3698700000,subarnarekha valley corp 2016 vs 2017—what’s the delta on completed work value?
HV-IC-0322,money,hop_aggregate,resolved,National Expressway Development Authority,,,100000000,,,,,,,2942400000,National Expressway Development Authority assignments require cross-checking against the ten crore mark—can you calculate the aggregate for entries meeting that limit?
HV-IC-0326,money,hop_aggregate,resolved,Maharashtra Municipal Corporation,,,,,,,,,,653500000,"Maharashtra Municipal Corporation requires the precise difference between our highest-value completed assignment and the subsequent one for the ongoing submission, could you please calculate that figu"
HV-IC-0332,money,hop_aggregate,resolved,Subarnarekha Valley Corporation,,,,,,,,,,3698700000,Subarnarekha Valley Corporation just landed on my desk—could you walk me through the steps to pull the difference between our highest-value completed assignment for them and the next one down?
HV-IC-0343,money,hop_aggregate,resolved,Mahanadi Steel Corporation,Amit Iyer,Rigid Pavement — Madhya Pradesh Pkg-7,,,,,Six Sigma Black Belt,,,3296200000,"I'm half-remembering that Amit Iyer's Six Sigma Black Belt scope on the Rigid Pavement — Madhya Pradesh Pkg-7 project is his only assignment for Mahanadi Steel Corporation, but I want to confirm if I'"
HV-IC-0356,money,hop_aggregate,resolved,National Special Projects Office,,,,,,,,,,4699100000,"National Special Projects Office is on my desk, and I need the exact amount by which our highest-value completed assignment for them exceeds the next one down—could you calculate that figure?"
HV-IC-0381,money,hop_aggregate,resolved,Arunodaya Infrastructure,,,,,,,,,,2219900000,"Arunodaya Infrastructure, submission due, what's the outstanding balance against the total contract value?"
HV-IC-0382,money,hop_aggregate,resolved,Lakshya Engineering & Construction,,,,,,,,,,1944300000,I’m just picking up Lakshya Engineering & Construction’s file here and trying to figure out how to calculate the unbilled portion of their total project value—could you walk me through the steps to ge
HV-IC-0390,money,hop_aggregate,resolved,Lakshya Engineering & Construction,,,,,,,,,,1944300000,"Lakshya Engineering & Construction is on my desk and I’m still learning the ropes here, but what’s the standard way to figure out the total amount they still owe for all the work we’ve billed them?"
HV-IC-0392,money,hop_aggregate,resolved,Subarnarekha Valley Corporation,,,,,,,,,,3698700000,"Quick question while I'm grabbing this—since I'm still learning the ropes, could you tell me the total amount still owed by Subarnarekha Valley Corporation for all the invoices we've submitted to them"
HV-IC-0393,money,hop_aggregate,resolved,Suvarna Projects Limited,,,,,,,,,,2341700000,"Suvarna Projects Limited is the client I’m reviewing, and I need to know what portion of our billed totals is still pending, so could you tell me where I should look for that?"
HV-IC-0395,money,hop_aggregate,resolved,Meridian Constructors & Co.,,,,,,,,,,2148600000,I’m still getting my bearings with the Meridian Constructors & Co. account—what’s the total amount still owed across all their billing?
HV-IC-0402,money,hop_aggregate,resolved,National Special Projects Office,,,,,,,,,,4699100000,"National Special Projects Office, what is the exact total of all submitted charges that remain unpaid?"
HV-IC-0406,money,hop_aggregate,resolved,"Jal Nigam, Jharkhand",,ROB — Jharkhand Pkg-29,,,,,,,,1613800000,"When we reconcile the Jal Nigam, Jharkhand account, what is the precise net balance still due after we deduct every cleared payment from our total billed value?"
HV-IC-0407,money,hop_aggregate,resolved,"Public Health Engineering Dept, Odisha",,,,,,,,,,1661400000,"public health engineering dept, odisha, what’s the total pending amount across all our submitted bills?"
HV-IC-0411,money,hop_aggregate,resolved,Trishakti Power Generation Corporation,,,,,,,,,,8563200000,"Trishakti Power Generation Corporation — what’s the total value of all our billed amounts that are still pending, and I need that figure in the next ten minutes for the bid submission?"
HV-IC-0413,money,hop_aggregate,resolved,Tamil Nadu Municipal Corporation,,,,,,,,,,1833300000,Tamil Nadu Municipal Corporation is the relevant account; could you please confirm the total amount currently due across all our submitted charges?
HV-IC-0415,money,hop_aggregate,resolved,Trishakti Power Generation Corporation,,,,,,,,,,8563200000,"trishakti power generation corp, what’s the value diff between our roads highways and tunnels work?"
HV-IC-0427,money,hop_aggregate,resolved,National Expressway Development Authority,,,,,,,,,,2942400000,National Expressway Development Authority submission is due in twenty minutes—what’s the total value delta between our industrial epc and roads highways scopes?
HV-IC-0460,money,hop_aggregate,resolved,Trishakti Power Generation Corporation,,,,,,,,,,8563200000,"Trishakti Power Generation Corporation files are still a bit new to me, and I'm trying to figure out how to pull the total value for the industrial epc work and the roads highways work, so could you p"
HV-IC-0462,money,hop_aggregate,resolved,National Special Projects Office,,,,,,,,,,4699100000,"National Special Projects Office irrigation and large bridges scopes, what’s the verified net value between those two portfolios?"
HV-IC-0473,money,hop_aggregate,resolved,Mahanadi Steel Corporation,,,,,,,,,,3296200000,"Mahanadi Steel Corporation, I’m trying to get the bridges flyovers and sewerage drainage totals lined up—could you walk me through how you usually extract those two figures so I can run the math mysel"
HV-IC-0033,money,mean_minus_median,resolved,,Tanvir Menon,Water Treatment Plant — Rajasthan Pkg-58,,,,,Six Sigma Black Belt,,,76950000.0,Could you walk me through how to calculate the rupee difference between the mean and the median contract value for all the completed works under the client for Tanvir Menon's Six Sigma Black Belt assi
HV-IC-0044,money,mean_minus_median,resolved,,Imran Joshi,,,,,,Six Sigma Black Belt,,,-17180000.0,"imran joshi six sigma black belt project, what’s the rupee gap between avg and median, negative if avg dips?"
HV-IC-0072,money,mean_minus_median,resolved,,Sanjay Joshi,STP — West Bengal Pkg-73,,,,,PMP,,,40288888.888888896,"I’m still finding my footing on the bid desk, so when I pull up Sanjay Joshi’s PMP for the West Bengal Pkg-73 STP, how do I calculate the rupee difference between the mean and median contract values f"
HV-IC-0088,money,mean_minus_median,resolved,,Kavita Reddy,Process Piping Package — Delhi Pkg-75,,,,,PMP,,,240294736.84210527,"Kavita Reddy’s PMP for the Process Piping Package — Delhi Pkg-75 is in my hand, but I’m still figuring out the bid desk workflow, so how do I actually calculate the rupee difference between the averag"
HV-IC-0100,money,mean_minus_median,resolved,,Meera Chatterjee,Rigid Pavement — Jharkhand Pkg-56,,,,,PMP,,,115433333.33333331,"Regarding Meera Chatterjee’s PMP for the Rigid Pavement — Jharkhand Pkg-56, could you please calculate the rupee difference between the mean and median contract values for all completed assignments un"
HV-IC-0162,money,mean_minus_median,resolved,,Amit Iyer,Community Centre — Uttar Pradesh Pkg-139,,,,,Six Sigma Black Belt,,,115433333.33333331,"I’m looking at Amit Iyer’s Six Sigma Black Belt certification for the Community Centre — Uttar Pradesh Pkg-139, but the summary figure feels off, so could you actually derive the rupee gap between the"
HV-IC-0167,money,mean_minus_median,resolved,,Suresh Das,Road Widening — Odisha Pkg-98,,,,,Six Sigma Black Belt,,,31185714.2857143,"Suresh Das’s Six Sigma Black Belt for the Road Widening — Odisha Pkg-98 points to a specific client, so what’s the rupee difference between the average and median contract values for all their complet"
HV-IC-0178,money,mean_minus_median,resolved,,Sanjay Joshi,,,,,,PMP,,,-16233333.333333343,"sanjay joshi's pmp: what's the rupee mean-median gap for his client's works, negative if mean is lower?"
HV-IC-0194,money,mean_minus_median,resolved,,Pooja Bose,Process Piping Package — Tamil Nadu Pkg-54,,,,,PMP,,,61833333.33333331,"Pooja Bose’s PMP for the Process Piping Package — Tamil Nadu Pkg-54 is hitting the cutoff, so what’s the rupee difference showing how much larger the average contract value of the works we’ve complete"
HV-IC-0259,money,mean_minus_median,resolved,,Tanvir Menon,Hydro Tunnel — Madhya Pradesh Pkg-108,,,,,PMP,,,271442857.1428572,"Tanvir Menon’s PMP for the Hydro Tunnel — Madhya Pradesh Pkg-108 requires a precise valuation, so could you calculate the rupee difference between the average and median contract values for all comple"
HV-IC-0271,money,mean_minus_median,resolved,,Lakshmi Ghosh,Steel Truss Bridge — Gujarat Pkg-112,,,,,PMP,,,240294736.84210527,"I’m pretty sure Lakshmi Ghosh’s PMP for the Steel Truss Bridge — Gujarat Pkg-112 ties into a client portfolio where the mean contract value sits roughly fifteen lakhs above the median, but could you a"
HV-IC-0276,money,mean_minus_median,resolved,,Meera Roy,,,,,,PMP,,,31871428.571428597,"Asked by someone reconciling records. PMP; Meera Roy. Cross-checking against the client portfolio, what is the rupee difference between the average and median contract values for the works, and should"
HV-IC-0304,money,mean_minus_median,resolved,,Chandan Banerjee,Six-Lane Highway — West Bengal Pkg-116,,,,,PMP,,,240294736.84210527,"I’m fairly certain Chandan Banerjee’s PMP for the Six-Lane Highway — West Bengal Pkg-116 connects to a commissioning client where the mean contract value sits a bit above the median, but could you act"
HV-IC-0315,money,mean_minus_median,resolved,,Amit Iyer,Rigid Pavement — Madhya Pradesh Pkg-7,,,,,Six Sigma Black Belt,,,61833333.33333331,"amit's six sigma pkg-7 needs a quick calc: avg minus median client value in r, negative if lower?"
HV-IC-0333,money,mean_minus_median,resolved,,Naveen Roy,,,,,,PMP,,,43720000.0,"pmp; naveen roy. need rupee gap between average and median values for that client's work, negative if average lower?"
HV-IC-0349,money,mean_minus_median,resolved,,Sunita Joshi,Residential Quarters — Uttar Pradesh Pkg-25,,,,,PMP,,,240294736.84210527,"Hey, I’m just grabbing Sunita Joshi’s PMP for the Uttar Pradesh residential quarters package, and since I’m still learning how we track client portfolios, could you calculate the rupee difference betw"
HV-IC-0374,money,mean_minus_median,resolved,,Imran Joshi,Patch Repair — Delhi Pkg-132,,,,,PMP,,,202266666.6666667,"PMP; Imran Joshi’s Patch Repair — Delhi Pkg-132 is on my desk, and while the dashboard flashes a quick rupee figure, I’m fairly certain that’s just a surface-level total rather than the actual spread—"
HV-IC-0046,money,rank_value,resolved,Lakshya Engineering & Construction,,,,,,,,,,658300000,"Lakshya Engineering & Construction, what is the exact difference in value between our largest completed project and the second-largest?"
HV-IC-0092,money,rank_value,resolved,"Jal Nigam, Uttar Pradesh",,STP — Uttar Pradesh Pkg-31,,,,,,,,495900000,"Jal Nigam, Uttar Pradesh: by how much does our largest completed contract exceed the second-biggest, needed to lock the bid before the cutoff?"
HV-IC-0104,money,rank_value,resolved,Mega Infrastructure Authority,,,,,,,,,,1034200000,"I saw the preliminary number you ran for Mega Infrastructure Authority, but that doesn’t look right—did you actually cross-check the final completed values to see how much the largest one exceeds the "
HV-IC-0192,money,rank_value,resolved,National Expressway Development Authority,,,,,,,,,,880700000,"National Expressway Development Authority — I’m still getting used to how we pull these numbers for the bid pack, so could you show me how to calculate how much our biggest finished contract there exc"
HV-IC-0217,money,rank_value,resolved,Meridian Constructors & Co.,,,,,,,,,,1067200000,"Meridian Constructors & Co., please confirm how much our largest work exceeds the second-largest."
HV-IC-0232,money,rank_value,resolved,Peninsular Petroleum Corporation,,,,,,,,,,250600000,"I’m looking at the draft breakdown for Peninsular Petroleum Corporation, but that initial figure seems off—could you verify the actual calculation to see how much our top finished contract beats the o"
HV-IC-0236,money,rank_value,resolved,Tamil Nadu Municipal Corporation,,,,,,,,,,1196800000,"Tamil Nadu Municipal Corporation is coming up in my head and I have a half-remembered sense of how much our top finished contract there beats the second one, but I want to verify if my memory is right"
HV-IC-0243,money,rank_value,resolved,Arunodaya Infrastructure,,,,,,,,,,52200000,"Arunodaya Infrastructure is on my desk and I’m still finding my way through the bid compilation process, so could you quickly tell me by how much our largest completed project there exceeds the second"
HV-IC-0248,money,rank_value,resolved,"Public Works Department, Govt of Maharashtra",,,,,,,,,,57000000,That quick figure you pulled for the Maharashtra PWD looks suspiciously round—could you actually run the math to confirm exactly how much our largest completed project exceeds the second one by?
HV-IC-0255,money,rank_value,resolved,Suvarna Projects Limited,,,,,,,,,,645300000,The figure circulating for Suvarna Projects Limited looks too neat to be accurate—could you actually verify the completed project values and work out the real difference between our largest one and th
HV-IC-0311,money,rank_value,resolved,Subarnarekha Valley Corporation,,,,,,,,,,861300000,"Subarnarekha Valley Corporation is on my desk for the audit review, and I need the defensible figure showing exactly by how much our largest completed work exceeds the second one—could you calculate t"
HV-IC-0344,money,rank_value,resolved,"Irrigation & Waterways Dept, Govt of West Bengal",,Lift Irrigation — West Bengal Pkg-13,,,,,,,,342900000,"irrigation & waterways dept, govt of west bengal, what’s the difference between our biggest and next completed jobs?"
HV-IC-0095,percent,referenced_share,resolved,National Expressway Development Authority,,,,,,,,,,88.89,"National Expressway Development Authority — what’s the out-of-100 figure for the projects that have a testimonial, as I need it locked in before the submission deadline?"
HV-IC-0180,percent,referenced_share,resolved,Suvarna Projects Limited,,,,,,,,,,88.89,"Suvarna Projects Limited — could you please confirm the final numerical value representing the share of our projects with that client that are supported by client testimonials, expressed as a whole nu"
HV-IC-0253,percent,referenced_share,resolved,"Public Works Department, Govt of Maharashtra",,,,,,,,,,83.33,"Hey, I’m still getting my bearings with the bid workflow — for the Maharashtra PWD projects, what’s the whole number out of a hundred that represents the portion of our work backed by a client referen"
HV-IC-0314,percent,referenced_share,resolved,Mega Infrastructure Authority,,,,,,,,,,85.71,"I noticed the initial count for Mega Infrastructure Authority, but that seems off, so could you actually work out the share of our projects with them that carry a client sign-off and just give me the "
HV-IC-0347,percent,referenced_share,resolved,Meridian Constructors & Co.,,,,,,,,,,83.33,"Meridian Constructors & Co. looks like it’s just showing a raw count, so could you actually calculate the share of those assignments that came with a client endorsement and just give me the final whol"
HV-IC-0357,percent,referenced_share,resolved,"Public Health Engineering Dept, Odisha",,,,,,,,,,62.5,"for odisha phed, what’s the out of 100 figure for projects with client approval?"
HV-IC-0389,percent,referenced_share,resolved,Trishakti Power Generation Corporation,,,,,,,,,,89.47,"Trishakti Power Generation Corporation lists assignments on my end, so when I cross-check those against endorsements, what is the out of 100 figure for the portion that cleared?"
HV-IC-0039,money,temporal_chain,resolved,,Sunita Joshi,,,,,,PMP,2021-03-10,,507900000,"Sunita Joshi’s PMP issued 2021-03-10—what’s the combined value of the projects she led that completed after that date, since we need it to lock the bid submission?"
HV-IC-0048,money,temporal_chain,resolved,,Suresh Desai,,,,,,PMP,2021-03-10,,128700000,Could you please calculate the aggregate value of the works Suresh Desai led that reached completion after his PMP was issued on 2021-03-10?
HV-IC-0081,money,temporal_chain,resolved,,Kavita Reddy,,,,,,PMP,2021-03-10,,430100000,I’m trying to check my memory on Kavita Reddy’s PMP from 2021-03-10—was the combined value of the projects she led that finished after that date exactly what I’m recalling?
HV-IC-0151,money,temporal_chain,resolved,,Naveen Roy,,,,,,PMP,2021-03-10,,769000000,Cross-checking Naveen Roy’s PMP issued 2021-03-10 against the project entries—what is the sum of the values for the works he led that finished after that date?
HV-IC-0186,money,temporal_chain,resolved,,Lakshmi Ghosh,,,,,,PMP,2021-03-10,,201600000,"That first total I saw for Lakshmi Ghosh’s PMP issued 2021-03-10 clearly includes earlier completions, so what’s the actual combined value of just the works she led that finished after that March date"
HV-IC-0207,money,temporal_chain,resolved,,Meera Roy,,,,,,PMP,2021-03-10,,1083300000,"Regarding Meera Roy’s PMP issued on March 10, 2021, what is the precise combined value of the assignments she directed that wrapped up after that date?"
HV-IC-0270,money,temporal_chain,resolved,,Neha Chopra,,,,,,PMP,2021-03-10,,410800000,"Neha Chopra's PMP issued 2021-03-10 is the reference—what is the combined value of the works she led that completed after that date, cross-checked against the completion dates?"
HV-IC-0305,money,temporal_chain,resolved,,Meera Banerjee,,,,,,PMP,,,1675200000,"I’m still learning how we track these, but when I look at Meera Banerjee’s PMP issued on March 10th, 2021, what’s the combined value of just the works she led that finished after that certification da"
HV-IC-0334,money,temporal_chain,resolved,,Jaya Desai,,,,,,PMP,2021-03-10,,265700000,"Just pulled Jaya Desai’s PMP from March 10, 2021 off the desk—what’s the combined value of only the assignments she headed that wrapped up after that issuance date?"
HV-IC-0348,money,temporal_chain,resolved,,Rahul Das,,,,,,PMP,,,714500000,"I’m fairly certain Rahul Das’s PMP was issued on March 10th, 2021, but could you just confirm the combined value of the works he led that finished after that certification?"
HV-IC-0351,money,temporal_chain,resolved,,Rahul Menon,,,,,,PMP,2021-03-10,,898500000,"PMP issued 2021-03-10 for Rahul Menon—what’s the combined value of only the works he led that finished after that date, since the bid pack needs the post-certification sum right now?"
HV-IC-0018,money,threshold_aggregate,resolved,"Irrigation & Waterways Dept, Govt of West Bengal",,Lift Irrigation — West Bengal Pkg-13,400000000,,,,,,,1150300000,"I’m still finding my way around the bid desk, but could you quickly tell me the combined value of all the West Bengal irrigation and waterways projects that meet or exceed the forty crore threshold?"
HV-IC-0026,money,threshold_aggregate,resolved,"Public Health Engineering Dept, Odisha",,,230000000,,,,,,,1028500000,"Just trying to wrap my head around the desk workflow, but could you show me how to quickly sum the value of just the Public Health Engineering Dept, Odisha assignments that clear the twenty-three cror"
HV-IC-0027,money,threshold_aggregate,resolved,Mega Infrastructure Authority,,,430000000,,,,,,,3377600000,"Mega Infrastructure Authority assignments cross-checked against the forty-three crore cutoff, what is the sum of the assignments that clear that mark?"
HV-IC-0049,money,threshold_aggregate,resolved,"Public Works Department, Govt of Maharashtra",,,260000000,,,,,,,1424100000,"Public Works Department, Govt of Maharashtra assignments look off on the first pass, but could you actually filter for anything at or over the twenty-six crore mark and run the proper calculation?"
HV-IC-0105,money,threshold_aggregate,resolved,Trishakti Power Generation Corporation,,,250000000,,,,,,,7548200000,"Trishakti Power Generation Corporation has a few bids hitting the twenty-five crore mark, but I need the combined value of those clearing that threshold before the submission window closes—can you pul"
HV-IC-0129,money,threshold_aggregate,resolved,Mahanadi Steel Corporation,,,210000000,,,,,,,2656900000,"I just picked up the Mahanadi Steel Corporation file and I’m still getting used to how we track these, so could you give me the combined value of just the bids that clear the twenty-one crore mark or "
HV-IC-0191,money,threshold_aggregate,resolved,Subarnarekha Valley Corporation,,,20000000,,,,,,,3679300000,"Subarnarekha Valley Corporation is still a bit of a puzzle for me, so could you help me figure out the combined value of only the assignments that clear the two crore mark?"
HV-IC-0220,money,threshold_aggregate,resolved,Peninsular Petroleum Corporation,,,150000000,,,,,,,1077300000,"peninsular petroleum bids, what’s the sum for anything hitting fifteen crore or more?"
HV-IC-0264,money,threshold_aggregate,resolved,Mahanadi Steel Corporation,,,350000000,,,,,,,1738500000,"Mahanadi Steel Corporation has a handful of assignments on our board that I’m trying to verify, but I can’t quite recall the exact count—could you confirm if the combined figure for anything crossing "
HV-IC-0286,money,threshold_aggregate,resolved,"Jal Nigam, Uttar Pradesh",,STP — Uttar Pradesh Pkg-31,350000000,,,,,,,1324900000,That initial read on the Jal Nigam Uttar Pradesh pipeline feels off—could you actually calculate the combined value for every assignment clearing the thirty-five crore mark?
HV-IC-0299,money,threshold_aggregate,resolved,National Expressway Development Authority,,,210000000,,,,,,,2629400000,I’m reviewing the National Expressway Development Authority portfolio and the first pass figure seems off—could you actually run the numbers and give me the proper sum for the projects that clear the 
HV-IC-0306,money,threshold_aggregate,resolved,Suvarna Projects Limited,,,110000000,,,,,,,2212300000,I’m reviewing the Suvarna Projects Limited pipeline and my memory on the heavier contracts feels a bit fuzzy—could you check whether the combined value for anything clearing the eleven crore mark alig
HV-IC-0376,money,threshold_aggregate,resolved,Lakshya Engineering & Construction,,,150000000,,,,,,,1640400000,That initial read on Lakshya Engineering & Construction's contract roll feels off—could you actually filter for the heavier commitments crossing the fifteen crore mark and give me the properly derived
HV-IC-0377,money,threshold_aggregate,resolved,"Irrigation & Waterways Dept, Govt of Rajasthan",,,260000000,,,,,,,1350500000,"irr & waterways dept rajasthan roll, can you sum the values clearing the twenty six crore mark?"
HV-IC-0386,money,threshold_aggregate,resolved,Trishakti Power Generation Corporation,,,250000000,,,,,,,7548200000,"I'm still getting my bearings with the Trishakti account, but could you quickly check the heavier contracts clearing the twenty-five crore mark and let me know what they add up to?"
HV-IC-0391,money,unpaid_balance,resolved,"Irrigation & Waterways Dept, Govt of Uttar Pradesh",,STP — Uttar Pradesh Pkg-31,,,,,,,,5222174.0,"I know we flagged the Irrigation & Waterways Dept, Govt of Uttar Pradesh account as fully billed, but the system balance looks too high—can you actually run the deduction of what they’ve cleared so fa"
HV-IC-0394,money,unpaid_balance,resolved,"Public Works Department, Govt of Gujarat",,STP — Gujarat Pkg-3,,,,,,,,47628436.0,"pwd gujarat, we sent all the bills, but what’s the actual remaining balance still on their end?"
HV-IC-0396,money,unpaid_balance,resolved,Arunodaya Infrastructure,,,,,,,,,,258859089.0,"Arunodaya Infrastructure shows a preliminary figure, but that doesn't account for the payments we've actually cleared against those billed amounts—can you run the adjusted balance after all those cred"
HV-IC-0397,money,unpaid_balance,resolved,"Irrigation & Waterways Dept, Govt of Rajasthan",,Lift Irrigation — Rajasthan Pkg-41,,,,,,,,25044542.0,"I’m still getting my bearings with the Irrigation & Waterways Dept, Govt of Rajasthan file, so could you tell me what the total unpaid balance is across all the invoices we’ve submitted?"
HV-IC-0398,money,unpaid_balance,resolved,"Public Health Engineering Dept, Odisha",,STP — West Bengal Pkg-73,,,,,,,,181544012.0,"Public Health Engineering Dept, West Bengal, could you please calculate the total remaining balance across all charged amounts for this account?"
HV-IC-0399,money,unpaid_balance,resolved,Mega Infrastructure Authority,,,,,,,,,,153615621.0,What is the exact unpaid balance across all the billing entries we have submitted for the Mega Infrastructure Authority account?
HV-IC-0400,money,unpaid_balance,resolved,Gujarat Municipal Corporation,,STP — Gujarat Pkg-3,,,,,,,,5271022.0,"Gujarat Municipal Corporation is the client we have invoiced, and could you please confirm the total amount still outstanding across those invoices?"
HV-IC-0401,money,unpaid_balance,resolved,Central Works & Buildings Bureau,,,,,,,,,,16960229.0,"Cross-checking the Central Works & Buildings Bureau account, what is the balance still owed across the invoices?"
HV-IC-0403,money,unpaid_balance,resolved,"Public Health Engineering Dept, Gujarat",,STP — Gujarat Pkg-3,,,,,,,,27766580.0,"Public Health Engineering Dept, Gujarat account, what is the precise remaining balance we need to stand by after deducting all cleared payments from our total billed value?"
HV-IC-0404,money,unpaid_balance,resolved,"Public Works Department, Govt of Tamil Nadu",,Drainage Works — Tamil Nadu Pkg-141,,,,,,,,7822.0,"What is the precise net balance due for the Public Works Department, Govt of Tamil Nadu across all billed amounts?"
HV-IC-0405,money,unpaid_balance,resolved,National Expressway Development Authority,,,,,,,,,,122976053.0,"National Expressway Development Authority, what’s the total unpaid amount across all the invoices we’ve sent them?"
HV-IC-0408,money,unpaid_balance,resolved,"Public Works Department, Govt of West Bengal",,STP — West Bengal Pkg-73,,,,,,,,34124708.0,"Public Works Department, Govt of West Bengal, what amount remains on the invoices we are cross-checking?"
HV-IC-0409,money,unpaid_balance,resolved,Mahanadi Steel Corporation,,,,,,,,,,61349923.0,"Mahanadi Steel Corporation was flagged with that initial tally, but that number clearly doesn't account for the actual payments they've made, so what's the true balance still on our books?"
HV-IC-0410,money,unpaid_balance,resolved,"Jal Nigam, Gujarat",,STP — Gujarat Pkg-3,,,,,,,,330010947.0,"Jal Nigam, Gujarat, what is the balance when I cross-check invoices against the payment system?"
HV-IC-0412,money,unpaid_balance,resolved,Maharashtra Municipal Corporation,,,,,,,,,,-13279236.0,"Maharashtra Municipal Corporation has multiple invoices on file, so could you please calculate the total amount still due across all of them?"
HV-IC-0021,money,year_difference,resolved,Meridian Constructors & Co.,,,,,,,,,"('2020', '2022')",1189100000,What is the net difference in the value of work completed for Meridian Constructors & Co. between 2020 and 2022?
HV-IC-0025,money,year_difference,resolved,Trishakti Power Generation Corporation,,,,,,,,,"('2020', '2024')",1521400000,"Trishakti Power Generation Corporation’s file is right here, but I’m still getting my bearings—could you tell me how much their total awarded value moved between 2020 and 2024?"
HV-IC-0051,money,year_difference,resolved,Central Works & Buildings Bureau,,,,,,,,,"('2015', '2017')",309700000,"I’m still wrapping my head around how we pull these numbers, but what’s the actual gap between the 2015 and 2017 value of work completed for the Central Works & Buildings Bureau?"
HV-IC-0085,money,year_difference,resolved,Suvarna Projects Limited,,,,,,,,,"('2018', '2021')",783700000,"I’m pretty sure Suvarna Projects Limited’s work completed value was sitting near 380 crores back in 2018, but I want to verify my recollection—what’s the actual variance between that 2018 number and t"
HV-IC-0112,money,year_difference,resolved,"Public Health Engineering Dept, Odisha",,,,,,,,,"('2023', '2024')",159600000,"I need to lock down the exact difference in completed work value for the Public Health Engineering Dept, Odisha between 2023 and 2024—what’s the precise figure?"
HV-IC-0122,money,year_difference,resolved,National Expressway Development Authority,,,,,,,,,"('2017', '2021')",237500000,"National Expressway Development Authority’s 2017 completed work value is a bit fuzzy in my memory, but I want to confirm my impression—what’s the actual gap between that 2017 figure and their 2021 tot"
HV-IC-0155,money,year_difference,resolved,"Public Works Department, Govt of Gujarat",,,,,,,,,"('2016', '2018')",197200000,"What’s the auditable net shift in the Public Works Department, Govt of Gujarat’s completed work value from 2016 through 2018?"
HV-IC-0183,money,year_difference,resolved,"Jal Nigam, Jharkhand",,ROB — Jharkhand Pkg-29,,,,,,,"('2020', '2021')",661000000,"I’m still new to the Jal Nigam, Jharkhand portfolio—could you tell me what the year-on-year movement in completed work value was between 2020 and 2021?"
HV-IC-0211,money,year_difference,resolved,Jharkhand Municipal Corporation,,ROB — Jharkhand Pkg-29,,,,,,,"('2013', '2017')",17900000,Could you verify the completed work values for Jharkhand Municipal Corporation in 2013 and 2017 so I can back up the variance for the audit?
HV-IC-0228,money,year_difference,resolved,Mega Infrastructure Authority,,,,,,,,,"('2014', '2025')",1958800000,Could you verify the finalized completed work valuations for Mega Infrastructure Authority in both 2014 and 2025 so I can reconcile the period-over-period shift for the audit file?
HV-IC-0269,money,year_difference,resolved,Mega Infrastructure Authority,,,,,,,,,"('2013', '2016')",368700000,"Mega Infrastructure Authority, 2013 and 2016—what’s the absolute difference in completed work value between those two years so I can lock the final bid?"
HV-IC-0282,money,year_difference,resolved,Mahanadi Steel Corporation,,,,,,,,,"('2022', '2025')",50500000,"Mahanadi Steel Corporation, 2022 and 2025—I’m cross-checking the surface figure and it doesn’t quite add up. What’s the actual net shift in completed work value between those two years?"
HV-IC-0287,money,year_difference,resolved,Mega Infrastructure Authority,,,,,,,,,"('2010', '2018')",826600000,The draft figure circulating looks off—can you walk me through the actual derived gap between Mega Infrastructure Authority's 2010 baseline and 2018 completed work totals?
HV-IC-0289,money,year_difference,resolved,Suvarna Projects Limited,,,,,,,,,"('2012', '2014')",436000000,"Suvarna Projects Limited, 2012 and 2014—what’s the movement in completed work so I can lock the bid before the 5 PM cutoff?"
HV-IC-0293,money,year_difference,resolved,Peninsular Petroleum Corporation,,,,,,,,,"('2019', '2021')",314400000,"Peninsular Petroleum Corporation, 2019 versus 2021—I’m pretty sure the completed work value shifted by a solid margin, but I’m not entirely confident in my memory, so could you confirm whether my reco"
HV-IC-0295,money,year_difference,resolved,National Special Projects Office,,,,,,,,,"('2013', '2025')",720200000,What’s the verified gap between the National Special Projects Office 2013 completed work total and the 2025 figure that I should lock in?
HV-IC-0316,money,year_difference,resolved,"Jal Nigam, Uttar Pradesh",,,,,,,,,"('2011', '2018')",153300000,I’m still getting my bearings with the Jal Nigam UP file here—could you let me know the net difference in completed work value between 2011 and 2018?
HV-IC-0327,money,year_difference,resolved,"Public Health Engineering Dept, Odisha",,,,,,,,,"('2020', '2025')",582600000,"Public Health Engineering Dept, Odisha—still getting my bearings with how we track these, could you let me know how much the completed work amount shifted between 2020 and 2025?"
